nama pengguna,produk,review,rating,waktu transaksi
khoirulannam209,TP-Link | UB400 | USB Bluetooth Adapter Nano | Bluetooth 4.0 USB 2.0 | Plug and Play Tanpa Driver | Jarak Hingga 20 Meter | Kompatibel Windows 11 10 8 7 | Bluetooth Dongle PC Laptop | Adapter Bluetooth Wireless Headset Mouse Keyboard | Mini Portable,,5,2026-10-01 07:45
hudaazzahraa,TP-Link | Tapo C210 | Kamera CCTV WiFi Indoor | 2K 3MP | CCTV Indoor | Pan Tilt | Kamera 360 | CCTV WiFi Jarak Jauh Lewat HP | IP Camera | Video SD | Original | Garansi Resmi | Ready Stock | Smart CCTV | CCTV Online,,5,2026-10-01 07:39
achmad_st0re,TP-Link | TL-WN821N | USB Wifi Adapter | Dongle Wifi | Usb Wifi | N300 300Mbps | Wifi Adapter | Wifi Receiver | WPS | Wireless Adapter PC Laptop Desktop | Setup Mudah | Sinyal Stabil | Original | Garansi Resmi | Ready Stock | Baru | Promo | Murah,,5,2026-10-01 06:39
n42nkwp,TP-Link | Mercusys ME25BE | Wifi Extender | Wifi Range Extender TP-Link | Wi Fi Repeater | Penguat Sinyal Wifi | Ekstender Wifi | Wifi 7 BE3600 | Dual Band | Access Point | EasyMesh | Original | Garansi Resmi | Ready Stock | Baru | Promo | Murah,,5,2026-10-01 06:36
bakeryziland,TP-Link | TL-WN722N | USB WiFi Adapter | Dongle WiFi | WiFi Receiver | 150Mbps | High Gain Antenna | Wireless USB Adapter | Adapter WiFi Laptop PC | Original | Garansi Resmi | Ready Stock | Baru | Promo | Murah,,5,2026-10-01 06:35
srndhn23,TP-Link LS105G | 5 Port Gigabit Ethernet Switch | RJ45 10/100/1000Mbps | Desktop Switch | Unmanaged,,5,2026-10-01 06:35
rafika_28,TP-Link | Archer T2U Nano | USB Wifi Adapter Nano | Dongle Wifi | Usb Wifi | AC600 Dual Band | Wifi Adapter | Wifi Receiver | Nano Mini Wireless Adapter PC Laptop | Original | Garansi Resmi | Ready Stock | Baru | Promo,,5,2026-10-01 06:21
rafika_28,TP-Link | UB400 | USB Bluetooth Adapter | Mini Wireless Bluetooth 4.0 | Nano USB 2.0 | Bluetooth Receiver | Driver Free | Compatible Windows | Setup Mudah | Ukuran Mini Portable | Original | Garansi Resmi | Ready Stock | Baru | Promo | Murah,,5,2026-10-01 06:21
arcrealog,TP-Link | TL-WN727N | USB Wifi Adapter | Dongle Wifi | Usb Wifi | N150 150Mbps | Wifi Adapter | Wifi Receiver | SoftAP Mode | WPS Button | Wireless Adapter PC Laptop | Setup Mudah | Original | Garansi Resmi | Ready Stock | Baru | Promo | Murah,,5,2026-10-01 05:23
nym_sbw,TP-Link | RE225BE | Wifi Extender | Wifi Range Extender | Wi Fi Repeater | Penguat Sinyal Wifi | Wifi 7 Dual Band | Access Point | Sinyal Kuat Jangkauan Luas | Extend Wifi Rumah | Setup Mudah | Original | Garansi Resmi | Ready Stock | Baru | Promo | Murah,,5,2026-10-01 05:03
hardiansuryo1987,TP-Link | Tapo TC41 | Kamera CCTV WiFi Outdoor | 2K | CCTV Outdoor | Pan Tilt | Kamera 360 | IP65 Tahan Air | CCTV WiFi Jarak Jauh Lewat HP | Color Night Vision | Original | Garansi Resmi | Ready Stock | Baru | Promo | Murah,,5,2026-10-01 05:02
s*****4,TP-Link | LS1005G | 5-Port Gigabit Desktop Switch | Unmanaged Ethernet Switch | Plug & Play | Fanless Design | Green Technology | Auto MDI/MDIX | Desktop Ethernet Splitter | 10/100/1000Mbps | Original | Resmi | Garansi Resmi,,5,2026-10-01 04:47
ucoksiregar219,TP-Link | Tapo C220 | Kamera CCTV WiFi Indoor | 2K 4MP | CCTV Indoor | Pan Tilt | Kamera 360 | CCTV WiFi Jarak Jauh Lewat HP | IP Camera | Video SD | Original | Garansi Resmi | Ready Stock | Baru | Promo | Murah,,1,2026-10-01 03:45
a*****a,TP-Link | MC220L | Media Converter | Gigabit Ethernet Media Converter | Converter Fiber Optik | Konverter Fiber Ke Lan | Single Mode Multi Mode | LC Connector | Original | Garansi Resmi | Ready Stock | Baru | Promo | Murah,,5,2026-10-01 03:12
lordgarn,TP-Link | Archer TX10UB Nano | USB Wifi Adapter Nano | Dongle Wifi | Usb Wifi | Wifi 6 AX1800 Dual Band | Bluetooth 5.0 | Wifi Adapter | Wifi Receiver | Nano Mini Wireless Adapter PC | Original | Garansi Resmi | Ready Stock,,5,2026-10-01 01:59
lordgarn,TP-Link | Mercusys ME30 | Wifi Extender | Wifi Range Extender TP-Link | Wi Fi Repeater | Penguat Sinyal Wifi | Ekstender Wifi | AC1200 | Dual Band | Access Point | Wireless | Original | Garansi Resmi | Ready Stock | Baru | Promo | Murah,,5,2026-10-01 01:57
a*****o,TP-Link | Archer TX10UB Nano | USB Wifi Adapter Nano | Dongle Wifi | Usb Wifi | Wifi 6 AX1800 Dual Band | Bluetooth 5.0 | Wifi Adapter | Wifi Receiver | Nano Mini Wireless Adapter PC | Original | Garansi Resmi | Ready Stock,,5,2026-10-01 00:52
timkoalaman,TP-Link | UB500 | Bluetooth Receiver | Bluetooth 5.3 | Nano USB Adapter | Dongle Bluetooth | Adapter Laptop PC | Desktop Windows | Original | Garansi Resmi | Ready Stock | Baru | Promo | Murah,,5,2026-10-01 00:26
ariwibowo5758,TP-Link | Tapo C220 | Kamera CCTV WiFi Indoor | 2K 4MP | CCTV Indoor | Pan Tilt | Kamera 360 | CCTV WiFi Jarak Jauh Lewat HP | IP Camera | Video SD | Original | Garansi Resmi | Ready Stock | CCTV Online | Smart CCTV,,5,2026-10-01 00:22
j*****a,TP-Link | UB500 | Bluetooth Receiver | Bluetooth 5.3 | Nano USB Adapter | Dongle Bluetooth | Adapter Laptop PC | Desktop Windows | Original | Garansi Resmi | Ready Stock | Baru | Promo | Murah,,5,2026-10-01 00:19
nisa.nap,TP-Link | UB500 | Bluetooth Receiver | Bluetooth 5.3 | Nano USB Adapter | Dongle Bluetooth | Adapter Laptop PC | Desktop Windows | Original | Garansi Resmi | Ready Stock | Baru | Promo | Murah,,5,2026-10-01 00:16
s*****a,TP-Link | TL-WN725N | USB WiFi Adapter | Dongle WiFi | WiFi Receiver | 150Mbps | Wireless N | Nano USB Adapter | Adapter WiFi Laptop PC | Original | Garansi Resmi | Ready Stock | Baru | Promo | Murah,,5,2026-10-01 00:14
1z3uopp4a8,TP-Link | Deco X20(1/2/3 Pack) | Mesh Wifi | Wifi Extender | Wifi 6 AX1800 Dual Band | Router Mesh Wifi Rumah | Whole Home Mesh System | Sinyal Kuat Jangkauan Luas | EasyMesh | Gigabit Port | Original | Garansi Resmi | Baru | Promo | Murah,,5,2026-10-01 00:12
d*****n,TP-Link | Tapo C520WS | Kamera CCTV WiFi | 2K 4MP | CCTV Outdoor | Pan Tilt | Kamera 360 | CCTV WiFi Jarak Jauh Lewat HP | CCTV Tanpa Kabel | IP66 Tahan Air | Original | Resmi | Garansi Resmi | Promo | Murah | Ready Stock,,5,2026-10-01 00:02
aditiaa_03,TP-Link | TL-WA854RE | WiFi Extender | WiFi Repeater | Penguat Sinyal | Penangkap Sinyal | Penguat Jaringan | Penguat Wifi Jarak Jauh Tanpa Kabel | WiFi Booster | Signal Booster | WPS | Pemancar Wifi | WPS,,5,2026-09-30 23:54
a*****i,TP-Link Tapo | TC72 | Kamera CCTV WiFi Indoor | Kamera CCTV 2K | CCTV Jarak Jauh Lewat HP | Pan Tilt 360 | AI Detection | Kamera Pengawas Rumah | Kamera Keamanan | Original | Resmi | Garansi Resmi,,5,2026-09-30 23:09
basrituarita,TP-Link | Archer T3U Plus | USB Wifi Adapter | Dongle Wifi | Usb Wifi | AC1300 Dual Band | High Gain Antena | Wifi Adapter | Wifi Receiver | Wireless Adapter PC Laptop | Original | Garansi Resmi | Ready Stock | Baru,,5,2026-09-30 22:49
shintalientan,Mercusys | MC210 | Kamera CCTV WiFi Indoor | 2K 3MP | Pan Tilt 360° | AI Detection | Motion Tracking | Color Night Vision | Two-Way Audio | Alexa | Google Home | Original | Garansi Resmi | Ready Stock,,5,2026-09-30 22:42
adi9537,TP-Link | TL-WA855RE | WiFi Extender | WiFi Repeater | Penguat Sinyal | Penangkap Sinyal | Penguat Jaringan | Penguat Wifi Jarak Jauh Tanpa Kabel | WiFi Booster | Signal Booster | WPS | Pemancar Wifi | WPS,,5,2026-09-30 22:42
jekkypaul,TP-Link Archer AX23 | AX1800 Wi-Fi 6 Router | Dual-Band | Gigabit | Mesh | Access Point | AX10 AX12,,5,2026-09-30 22:39
rizyen0707,TP-Link | RE305 | WiFi Extender | AC1200 | WiFi Repeater | Penguat Sinyal WiFi | Dual Band | Mesh | Range Extender | Internet Cepat | WiFi Rumah | Original | Garansi Resmi | Ready Stock | Baru | Promo | Murah,,5,2026-09-30 22:30
antontribowoanton,TP-Link | Mercusys MC500 | Kamera CCTV Wifi Outdoor | CCTV Outdoor | CCTV Wifi Jarak Jauh Lewat Hp | Kamera 360 | Full HD 1080P | Pan Tilt | IP65 Tahan Air | Color Night Vision | Two Way Audio | Original | Garansi Resmi | Ready Stock | Baru | Promo,,5,2026-09-30 22:30
duyduypreloved,TP-Link | TL-WR840N | WiFi Router | Wireless | Kabel | WiFi Rumah | Penguat Singal WiFi | Internet Stabil | Access Point | IPTV | Wifi Rumahan Unlimited Siap Pakai | Router Wifi Penguat Jarak Jauh | Tether | LAN,,5,2026-09-30 22:17
r*****1,TP-Link | UB500 | Bluetooth Receiver | Bluetooth 5.3 | Nano USB Adapter | Dongle Bluetooth | Adapter Laptop PC | Desktop Windows | Original | Garansi Resmi | Ready Stock | Baru | Promo | Murah,,5,2026-09-30 22:15
r*****1,TP-Link Archer T3U Plus | AC1300 High Gain WiFi Adapter | DualBand | T2UB Nano T2U Plus T3U Nano T3U,,5,2026-09-30 22:15
fadhlan_elvuqoli,TP-Link | Deco E4(1/2/3 Pack) | Mesh Wifi | Wifi Extender | AC1200 Dual Band | Router Mesh Wifi Rumah | Whole Home Mesh System | Original | Garansi Resmi | Baru | Promo | Murah,,5,2026-09-30 22:10
iwnmlna,TP-Link | UB500 | Bluetooth Receiver | Bluetooth 5.3 | Nano USB Adapter | Dongle Bluetooth | Adapter Laptop PC | Desktop Windows | Original | Garansi Resmi | Ready Stock | Baru | Promo | Murah,,5,2026-09-30 22:07
ihicpnkfrm,TP-Link | RE305 | WiFi Extender | AC1200 | WiFi Repeater | Penguat Sinyal WiFi | Dual Band | Mesh | Range Extender | Internet Cepat | WiFi Rumah | Original | Garansi Resmi | Ready Stock | Baru | Promo | Murah,,5,2026-09-30 22:00
hennypsw,TP-Link | UH400 | USB Hub | USB 3.0 4 Port | Hub USB Laptop PC | USB Splitter | Transfer Data 5Gbps | Plug And Play | Portable Ringan | Desain Kompak | Cocok Untuk Kerja Remote | Original | Garansi Resmi | Ready Stock | Baru | Promo | Murah,"Fitur Terbaik:sangat praktis dan mudah dibawa karena kecil
Sepadan dengan Harga:sesuai dengan harga",5,2026-09-30 21:47
hennypsw,TP-Link | Archer T2U Nano | USB Wifi Adapter Nano | Dongle Wifi | Usb Wifi | AC600 Dual Band | Wifi Adapter | Wifi Receiver | Nano Mini Wireless Adapter PC Laptop | Original | Garansi Resmi | Ready Stock | Baru | Promo,"Fitur Terbaik:kualitas sangat bagus dan sangat praktis
Sepadan dengan Harga:sepadan dengan harganya",5,2026-09-30 21:47
aannyy16,TP-Link | TL-WR840N TL-WR820N TL-WR844N | Router WiFi | 300Mbps | Router TP-Link | Wireless N | Router Rumah | Internet Cepat | WiFi Router | Mode Repeater | Extender | WISP | Original | Garansi Resmi | Ready Stock | Baru | Promo | Murah,,5,2026-09-30 21:45
g*****i,TP-Link | UB500 | Bluetooth Receiver | Bluetooth 5.3 | Nano USB Adapter | Dongle Bluetooth | Adapter Laptop PC | Desktop Windows | Original | Garansi Resmi | Ready Stock | Baru | Promo | Murah,,5,2026-09-30 21:40
wacana88,TP-Link Deco X10 | AX1500 Mesh WiFi 6 System | Dual Band | Gigabit | Whole Home Router | Extender,,5,2026-09-30 21:37
ezi.03,TP-Link | TL-WR840N | WiFi Router | Wireless | Kabel | WiFi Rumah | Penguat Singal WiFi | Internet Stabil | Access Point | IPTV | Wifi Rumahan Unlimited Siap Pakai | Router Wifi Penguat Jarak Jauh | Tether | LAN,,5,2026-09-30 21:32
leonardmvl,TP-Link | RE305 | WiFi Extender | AC1200 | WiFi Repeater | Penguat Sinyal WiFi | Dual Band | Mesh | Range Extender | Internet Cepat | WiFi Rumah | Original | Garansi Resmi | Ready Stock | Baru | Promo | Murah,,5,2026-09-30 21:31
tanliejun88,TP-Link TL-WA854RE | 300Mbps Wi-Fi Range Extender | Wireless Repeater | Penguat Sinyal WiFi | WPA,,5,2026-09-30 21:21
amirudinhamzah91,TP-Link | Archer TX1U Nano | USB Wifi Adapter Nano | Dongle Wifi | Usb Wifi | Wifi 6 | Wifi Adapter | Wifi Receiver | Nano Mini Wireless Adapter PC Laptop | Original | Garansi Resmi | Ready Stock | Baru | Promo,,5,2026-09-30 20:57
o*****i,TP-Link | Tapo C200C | Kamera CCTV WiFi Indoor | Full HD 1080P 2MP | Pan Tilt 360 Derajat | 9x Digital Zoom | Night Vision | Two Way Audio | Motion Detection | Kamera CCTV Mini Sambung ke HP | CCTV Wireless Lewat HP | Kamera Pengawas Rumah | Tapo CCTV,,5,2026-09-30 20:41
qotrai,TP-Link | UE306 | USB Lan Adapter | USB 3.0 To Gigabit Ethernet | 1000Mbps RJ45 | Foldable Design | Plug And Play | Compatible Windows macOS Linux Nintendo Switch | Setup Mudah | Original | Garansi Resmi | Ready Stock | Baru | Promo | Murah,,5,2026-09-30 20:33
xsyra17,TP-Link | Tapo C520WS | Kamera CCTV WiFi | 2K 4MP | CCTV Outdoor | Pan Tilt | Kamera 360 | CCTV WiFi Jarak Jauh Lewat HP | CCTV Tanpa Kabel | IP66 Tahan Air | Original | Resmi | Garansi Resmi | Promo | Murah | Ready Stock,,5,2026-09-30 20:32
ferdi_alghaffar87,TP-Link | TL-WA855RE | WiFi Extender | WiFi Repeater | Penguat Sinyal | Penangkap Sinyal | Penguat Jaringan | Penguat Wifi Jarak Jauh Tanpa Kabel | WiFi Booster | Signal Booster | WPS | Pemancar Wifi | WPS,,5,2026-09-30 20:24
basid2020,TP-Link | TL-WN725N | USB WiFi Adapter | Dongle WiFi | WiFi Receiver | 150Mbps | Wireless N | Nano USB Adapter | Adapter WiFi Laptop PC | Original | Garansi Resmi | Ready Stock | Baru | Promo | Murah,,5,2026-09-30 20:20
arifinsiahaan,TP-Link | Omada EAP110-Outdoor | Access Point Outdoor | 300Mbps | Wireless N | WiFi Outdoor | IP65 Tahan Cuaca | Omada SDN | Internet Cepat | WiFi Kantor | Original | Garansi Resmi | Ready Stock | Baru | Promo | Murah,"jangkauan sinyal:belum di coba, ntar klo sudah baru nilai lagi",3,2026-09-30 20:16
aahome257,TP-Link TL-WR840N | 300 Mbps | Wireless N Router | Extender | Access Point  | WISP |  WR820N WR844N,,5,2026-09-30 20:14
nanangsu6595,TP-Link | Tapo C500 | Kamera CCTV WiFi Outdoor | Full HD 1080P 2MP | IP65 Tahan Air | Pan Tilt 360 Derajat | Night Vision Warna | Two Way Audio | Sound Light Alarm | Kamera CCTV Mini Sambung ke HP | CCTV Wireless Lewat HP | Kamera Pengawas Rumah Halaman,,5,2026-09-30 20:11
chamiels,TP-Link | TL-WA855RE | WiFi Extender | WiFi Repeater | Penguat Sinyal | Penangkap Sinyal | Penguat Jaringan | Penguat Wifi Jarak Jauh Tanpa Kabel | WiFi Booster | Signal Booster | WPS | Pemancar Wifi | WPS,,5,2026-09-30 19:56
mr.tyo,TP-Link | UB400 | USB Bluetooth Adapter Nano | Bluetooth 4.0 USB 2.0 | Plug and Play Tanpa Driver | Jarak Hingga 20 Meter | Kompatibel Windows 11 10 8 7 | Bluetooth Dongle PC Laptop | Adapter Bluetooth Wireless Headset Mouse Keyboard | Mini Portable,,5,2026-09-30 19:48
hasanputra123ok,TP-Link | UB500 Plus | USB Bluetooth Adapter | Bluetooth 5.3 | Long Range Bluetooth Dongle | High Gain Antena | Bluetooth Receiver | Plug And Play | Low Energy | Compatible Windows | Original | Garansi Resmi | Ready Stock | Baru | Promo | Murah,,5,2026-09-30 19:46
maliksyali1,TP-Link | TL-MR100 TL-MR101 TL-MR105  TL-MR6400 | 4G LTE WiFi Router | Wireless N300 Router | SIM Card Router | 4G Router | WiFi Rumah | WiFi Modem | 300Mbps | 4G LTE Cat4 | Plug & Play | Original | Resmi | Garansi Resmi | Ready Stock | TP Link,"Alkhamdulilah barang aman, kecepatan stabil",5,2026-09-30 19:36
i*****1,TP-Link | Archer TX10UB Nano | USB Wifi Adapter Nano | Dongle Wifi | Usb Wifi | Wifi 6 AX1800 Dual Band | Bluetooth 5.0 | Wifi Adapter | Wifi Receiver | Nano Mini Wireless Adapter PC | Original | Garansi Resmi | Ready Stock,,4,2026-09-30 19:21
jawaraniky,TP-Link | Mercusys MR80X | Router Wifi | Router TP-Link | Wifi 6 AX3000 | Dual Band | Gigabit | Router Rumah | Internet Cepat | Wireless Router | OFDMA MU-MIMO | Beamforming | Original | Garansi Resmi | Ready Stock | Baru | Promo | Murah,,5,2026-09-30 19:20
husainfr14,TP-Link | Archer AX12 AX1500 | WiFi 6 Router | WiFi Router | Dual Band | Wireless | Kabel | WiFi Rumah | Penguat Sinyal WiFi | Internet Stabil | Access Point | IPTV | Wifi Rumahan Unlimited Siap Pakai | Router Wifi Penguat Jarak Jauh | Tether | LAN,,5,2026-09-30 19:15
dimasrama13,TP-Link | Archer TX10UB Nano | USB Wifi Adapter Nano | Dongle Wifi | Usb Wifi | Wifi 6 AX1800 Dual Band | Bluetooth 5.0 | Wifi Adapter | Wifi Receiver | Nano Mini Wireless Adapter PC | Original | Garansi Resmi | Ready Stock,,5,2026-09-30 19:14
donarfelexen,TP-Link | Tapo C200C | Kamera CCTV WiFi Indoor | Full HD 1080P 2MP | Pan Tilt 360 Derajat | 9x Digital Zoom | Night Vision | Two Way Audio | Motion Detection | Kamera CCTV Mini Sambung ke HP | CCTV Wireless Lewat HP | Kamera Pengawas Rumah | Tapo CCTV,,5,2026-09-30 19:08
n*****h,TP-Link | TL-WN725N | USB WiFi Adapter | Dongle WiFi | WiFi Receiver | 150Mbps | Wireless N | Nano USB Adapter | Adapter WiFi Laptop PC | Original | Garansi Resmi | Ready Stock | Baru | Promo | Murah,,5,2026-09-30 19:04
ayyubsalah08,TP-Link | Archer C64 | Router WiFi | AC1200 | WiFi 5 | Router TP-Link | Dual Band | Gigabit | EasyMesh | Router Rumah | Internet Cepat | Wireless Router | Original | Garansi Resmi | Ready Stock | Baru | Promo | Murah,,5,2026-09-30 19:01
e*****e,TP-Link | Archer C80 AC1900 | WiFi 6 Router | WiFi Router | Dual Band | Wireless | Kabel | WiFi Rumah | Penguat Singal WiFi | Internet Stabil | Access Point | IPTV | Wifi Rumahan Unlimited Siap Pakai | Router Wifi Penguat Jarak Jauh | Tether App | LAN,,5,2026-09-30 18:50
m*****a,TP-Link | Tapo C200C | Kamera CCTV WiFi Indoor | Full HD 1080P 2MP | Pan Tilt 360 Derajat | 9x Digital Zoom | Night Vision | Two Way Audio | Motion Detection | Kamera CCTV Mini Sambung ke HP | CCTV Wireless Lewat HP | Kamera Pengawas Rumah | Tapo CCTV,"Fitur Terbaik:bagus apk nya juga mantap kualitas video jernih
Sepadan dengan Harga:dapat di harga 250k",5,2026-09-30 18:50
buya11,TP-Link | TL-WA854RE | WiFi Extender | WiFi Repeater | Penguat Sinyal | Penangkap Sinyal | Penguat Jaringan | Penguat Wifi Jarak Jauh Tanpa Kabel | WiFi Booster | Signal Booster | WPS | Pemancar Wifi | WPS,,4,2026-09-30 18:34
nabilshop2016,TP-Link | Mercusys MS108G | Switch 8 Port Gigabit | Switch TP-Link | 10/100/1000Mbps | Gigabit | Ethernet Switch Desktop | Pembagi Jaringan Lan | Original | Garansi Resmi | Ready Stock | Baru | Promo | Murah | Terbaru,"Fitur Terbaik:ok
Sepadan dengan Harga:pas dengan harga",5,2026-09-30 18:19
winnercollection,TP-Link | RE450 | WiFi Extender | AC1750 | WiFi Repeater | Penguat Sinyal WiFi | Dual Band | Range Extender | Access Point Mode | WiFi Rumah | Internet Cepat | Original | Garansi Resmi | Ready Stock | Baru | Promo | Murah,,5,2026-09-30 18:14
gemaprdn,TP-Link | Tapo C500 | Kamera CCTV WiFi Outdoor | Full HD 1080P 2MP | IP65 Tahan Air | Pan Tilt 360 Derajat | Night Vision Warna | Two Way Audio | Sound Light Alarm | Kamera CCTV Mini Sambung ke HP | CCTV Wireless Lewat HP | Kamera Pengawas Rumah Halaman,,5,2026-09-30 18:01
j*****t,TP-Link | TL-WR820N | Router Wifi | N300 300Mbps | Dual Antenna | Router Rumah | Internet Cepat | Wireless Router | Guest Network | IPTV IPv6 | Access Point Mode | Setup Mudah | Sinyal Kuat | Original | Garansi Resmi | Ready Stock | Baru | Promo | Murah,,5,2026-09-30 17:45
renamlnda,TP-Link | TL-WR840N | Router WiFi | 300Mbps | Router TP-Link | Wireless N | Router Rumah | Internet Cepat | WiFi Router | Mode Repeater | Extender | WISP | Original | Garansi Resmi | Ready Stock | Baru | Promo | Murah,,5,2026-09-30 17:31
adhityaa29y,TP-Link | TL-WN725N | USB WiFi Adapter | Dongle WiFi | WiFi Receiver | 150Mbps | Wireless N | Nano USB Adapter | Adapter WiFi Laptop PC | Original | Garansi Resmi | Ready Stock | Baru | Promo | Murah,,5,2026-09-30 17:13
paskahlino,TP-Link | TL-MR100 TL-MR101 TL-MR105  TL-MR6400 | 4G LTE WiFi Router | Wireless N300 Router | SIM Card Router | 4G Router | WiFi Rumah | WiFi Modem | 300Mbps | 4G LTE Cat4 | Plug & Play | Original | Resmi | Garansi Resmi | Ready Stock | TP Link,,5,2026-09-30 17:12
kaylaaa313,TP-Link Tapo C520WS | 2.5K Kamera CCTV Outdoor | PTZ 4MP WiFi Camera | 2K QHD | IP66 Waterproof,"barang datang sesuai pesanan, packing aman sampai rumah. Terimakasih sukses selalu",5,2026-09-30 16:23
andriyanto.2474,TP-Link | Tapo C500 | Kamera CCTV WiFi Outdoor | Full HD 1080P 2MP | IP65 Tahan Air | Pan Tilt 360 Derajat | Night Vision Warna | Two Way Audio | Sound Light Alarm | Kamera CCTV Mini Sambung ke HP | CCTV Wireless Lewat HP | Kamera Pengawas Rumah Halaman,,5,2026-09-30 15:05
t*****5,TP-Link | TL-WN725N | USB WiFi Adapter | Dongle WiFi | WiFi Receiver | 150Mbps | Wireless N | Nano USB Adapter | Adapter WiFi Laptop PC | Original | Garansi Resmi | Ready Stock | Baru | Promo | Murah,,5,2026-09-30 15:01
ardiancahya9999,TP-Link | Archer C64 | Router WiFi | AC1200 | WiFi 5 | Router TP-Link | Dual Band | Gigabit | EasyMesh | Router Rumah | Internet Cepat | Wireless Router | Original | Garansi Resmi | Ready Stock | Baru | Promo | Murah,,5,2026-09-30 14:58
rudijokerstik,TP-Link | Archer T4E | Wifi Adapter PCIe | AC1200 Dual Band | Kartu Wifi PC | Wifi Adapter | Wifi Receiver | Wireless Adapter Desktop PC | Original | Garansi Resmi | Ready Stock | Baru | Promo | Murah,"Behhhh kualitas memang tidak di ragukan asli, sangat stabil di bandingkan dg model usb",5,2026-09-30 14:53
tomatcabeijo,TP-Link Archer C64 | AC1200 WiFi 5 Router | Dual Band | Gigabit | Mesh | IPv6 IPTV | Cloud Tether,"kecepatan koneksi:Nice
kemudahan instalasi:Nice
port Gigabit:Di 2.4Ghz standard aja, dit 5Ghz baru berasa bedanya",5,2026-09-30 14:40
papabercerita,TP-Link | Tapo C200C | Kamera CCTV WiFi Indoor | Full HD 1080P 2MP | Pan Tilt 360 Derajat | 9x Digital Zoom | Night Vision | Two Way Audio | Motion Detection | Kamera CCTV Mini Sambung ke HP | CCTV Wireless Lewat HP | Kamera Pengawas Rumah | Tapo CCTV,,5,2026-09-30 14:23
paudkintana,TP-Link | UB500 | Bluetooth Receiver | Bluetooth 5.3 | Nano USB Adapter | Dongle Bluetooth | Adapter Laptop PC | Desktop Windows | Original | Garansi Resmi | Ready Stock | Baru | Promo | Murah,,5,2026-09-30 14:18
paudkintana,TP-Link | TL-WN725N | USB WiFi Adapter | Dongle WiFi | WiFi Receiver | 150Mbps | Wireless N | Nano USB Adapter | Adapter WiFi Laptop PC | Original | Garansi Resmi | Ready Stock | Baru | Promo | Murah,,5,2026-09-30 14:18
b*****u,TP-Link | Archer TX20U Plus | USB Wifi Adapter | Dongle Wifi | Usb Wifi | Wifi 6 AX1800 Dual Band | High Gain Antena | Wifi Adapter | Wifi Receiver | Wireless Adapter PC Laptop | Original | Garansi Resmi | Ready Stock,,5,2026-09-30 14:16
rs.group,TP-Link | Tapo C230 | Kamera CCTV WiFi Indoor | 3K 5MP | Pan Tilt 360° | AI Detection | Motion Tracking | Privacy Mode | Two-Way Audio | MicroSD 512GB | Original | Resmi | Garansi Resmi,"Fitur Terbaik:mantap
Sepadan dengan Harga:sesuai harga

Terbaik",5,2026-09-30 14:14
yansyahate,TP-Link | Tapo C200C | Kamera CCTV WiFi Indoor | Full HD 1080P 2MP | Pan Tilt 360 Derajat | 9x Digital Zoom | Night Vision | Two Way Audio | Motion Detection | Kamera CCTV Mini Sambung ke HP | CCTV Wireless Lewat HP | Kamera Pengawas Rumah | Tapo CCTV,,5,2026-09-30 14:07
dyos4texsm,TP-Link | Archer AX12 AX1500 | WiFi 6 Router | WiFi Router | Dual Band | Wireless | Kabel | WiFi Rumah | Penguat Sinyal WiFi | Internet Stabil | Access Point | IPTV | Wifi Rumahan Unlimited Siap Pakai | Router Wifi Penguat Jarak Jauh | Tether | LAN,,5,2026-09-30 14:06
r*****o,TP-Link | Archer AX73 AX5400 | WiFi 6 Router | WiFi Router | Dual Band | Wireless | Kabel | WiFi Rumah | Penguat Singal WiFi | Internet Stabil | Access Point | IPTV | Wifi Rumahan Unlimited Siap Pakai | Router Wifi Penguat Jarak Jauh | Tether App | LAN,,5,2026-09-30 14:05
r*****o,TP-Link | TL-WR841HP | Router Wifi | N300 High Power 300Mbps | High Gain Antena | Router Rumah | Internet Cepat | Wireless Router | Access Point | Range Extender | Setup Mudah | Sinyal Kuat | Original | Garansi Resmi | Ready Stock | Baru | Promo | Murah,,5,2026-09-30 14:05
imey177,TP-Link | RE305 | WiFi Extender | AC1200 | WiFi Repeater | Penguat Sinyal WiFi | Dual Band | Mesh | Range Extender | Internet Cepat | WiFi Rumah | Original | Garansi Resmi | Ready Stock | Baru | Promo | Murah,,5,2026-09-30 14:03
swdchen68,TP-Link | Tapo C220 | Kamera CCTV WiFi Indoor | 2K 4MP | CCTV Indoor | Pan Tilt | Kamera 360 | CCTV WiFi Jarak Jauh Lewat HP | IP Camera | Video SD | Original | Garansi Resmi | Ready Stock | CCTV Online | Smart CCTV,,5,2026-09-30 14:01
muflikh08,TP-Link | Archer TX10UB Nano | USB Wifi Adapter Nano | Dongle Wifi | Usb Wifi | Wifi 6 AX1800 Dual Band | Bluetooth 5.0 | Wifi Adapter | Wifi Receiver | Nano Mini Wireless Adapter PC | Original | Garansi Resmi | Ready Stock,,5,2026-09-30 13:51
pangkyhandersen,TP-Link | TL-WA854RE | WiFi Extender | WiFi Repeater | Penguat Sinyal | Penangkap Sinyal | Penguat Jaringan | Penguat Wifi Jarak Jauh Tanpa Kabel | WiFi Booster | Signal Booster | WPS | Pemancar Wifi | WPS,,5,2026-09-30 13:50
c*****s,TP-Link | TL-MR100 TL-MR101 TL-MR105  TL-MR6400 | 4G LTE WiFi Router | Wireless N300 Router | SIM Card Router | 4G Router | WiFi Rumah | WiFi Modem | 300Mbps | 4G LTE Cat4 | Plug & Play | Original | Resmi | Garansi Resmi | Ready Stock | TP Link,,5,2026-09-30 13:48
logistiksmartkidz,TP-Link | TL-WA855RE | WiFi Extender | WiFi Repeater | Penguat Sinyal | Penangkap Sinyal | Penguat Jaringan | Penguat Wifi Jarak Jauh Tanpa Kabel | WiFi Booster | Signal Booster | WPS | Pemancar Wifi | WPS,,5,2026-09-30 13:35
rizqimaulidi86,TP-Link | TL-WN722N | USB WiFi Adapter | Dongle WiFi | WiFi Receiver | 150Mbps | High Gain Antenna | Wireless USB Adapter | Adapter WiFi Laptop PC | Original | Garansi Resmi | Ready Stock | Baru | Promo | Murah,,5,2026-09-30 13:31
r*****g,TP-Link | Mercusys ME30 | Wifi Extender | Wifi Range Extender TP-Link | Wi Fi Repeater | Penguat Sinyal Wifi | Ekstender Wifi | AC1200 | Dual Band | Access Point | Wireless | Original | Garansi Resmi | Ready Stock | Baru | Promo | Murah,,5,2026-09-30 13:30
rubenagustiawan90,TP-Link | Tapo P100 | Smart Plug WiFi | Stop Kontak Pintar | Colokan Pintar WiFi | Smart Home | Kontrol Lewat HP | Timer Otomatis | Voice Control | Hemat Listrik | Original | Resmi | Garansi Resmi,,5,2026-09-30 13:27
p*****5,TP-Link | UB500 | Bluetooth Receiver | Bluetooth 5.3 | Nano USB Adapter | Dongle Bluetooth | Adapter Laptop PC | Desktop Windows | Original | Garansi Resmi | Ready Stock | Baru | Promo | Murah,,5,2026-09-30 13:24
pusatgameshop88,TP-Link | Tapo C200C | Kamera CCTV WiFi Indoor | Full HD 1080P 2MP | Pan Tilt 360 Derajat | 9x Digital Zoom | Night Vision | Two Way Audio | Motion Detection | Kamera CCTV Mini Sambung ke HP | CCTV Wireless Lewat HP | Kamera Pengawas Rumah | Tapo CCTV,,5,2026-09-30 13:21
ra_hm4,TP-Link | Mercusys MR60X | Router WiFi | WiFi 6 | AX1500 | Router TP-Link | Dual Band | Gigabit | Router Rumah | Internet Cepat | Wireless Router | Original | Garansi Resmi | Ready Stock | Baru | Promo | Murah,,5,2026-09-30 13:21
e*****f,TP-Link | EAP110 | Access Point | Access Point Indoor | N300 Wireless Ceiling Wall Mount | Wifi Kantor Hotel | Support Omada SDN | Mesh Roaming | Wifi Sekolah Cafe | PoE Powered | Original | Garansi Resmi | Ready Stock | Baru | Promo | Murah,,5,2026-09-30 13:19
rhyan_dhana,TP-Link | MC220L | Media Converter | Gigabit Ethernet Media Converter | Converter Fiber Optik | Konverter Fiber Ke Lan | Single Mode Multi Mode | LC Connector | Original | Garansi Resmi | Ready Stock | Baru | Promo | Murah,,5,2026-09-30 13:14
a*****s,TP-Link | Tapo C246D | Kamera CCTV Dual Lens WiFi Indoor Outdoor | 2K 3MP Dual Lens | Wide Angle Pan Tilt 360 | IP65 Tahan Air | Deteksi AI Orang Hewan Kendaraan | Night Vision Warna | Two Way Audio | Kamera CCTV Mini Sambung ke HP | Kamera Pengawas Rumah,,5,2026-09-30 13:06
anonymoussgirl,TP-Link Archer AX53 | AX3000 Dual-Band Gigabit Wi-Fi 6 Router | Router Wi-Fi Cepat untuk Gaming & Streaming | High-Speed Internet Coverage | Support EasyMesh & Parental Control | Garansi Resmi TP-Link Indonesia,,5,2026-09-30 13:06
y*****1,TP-Link | Mercusys ME30 | Wifi Extender | Wifi Range Extender TP-Link | Wi Fi Repeater | Penguat Sinyal Wifi | Ekstender Wifi | AC1200 | Dual Band | Access Point | Wireless | Original | Garansi Resmi | Ready Stock | Baru | Promo | Murah,,5,2026-09-30 13:03
baribar,TP-Link | Archer AX23 | Router WiFi | WiFi 6 | AX1800 | Router TP-Link | Dual Band | Gigabit | EasyMesh | Router Rumah | Internet Cepat | Wireless Router | Original | Garansi Resmi | Ready Stock | Baru | Promo | Murah,,5,2026-09-30 12:57
darulfalah236,TP-Link | TL-WR840N | Router WiFi | 300Mbps | Router TP-Link | Wireless N | Router Rumah | Internet Cepat | WiFi Router | Mode Repeater | Extender | WISP | Original | Garansi Resmi | Ready Stock | Baru | Promo | Murah,,4,2026-09-30 12:46
r*****i,TP-Link | Deco E4(1/2/3 Pack) | Mesh Wifi | Wifi Extender | AC1200 Dual Band | Router Mesh Wifi Rumah | Whole Home Mesh System | Original | Garansi Resmi | Baru | Promo | Murah,,5,2026-09-30 12:38
a*****3,TP-Link | Tapo C200C | Kamera CCTV WiFi Indoor | Full HD 1080P 2MP | Pan Tilt 360 Derajat | 9x Digital Zoom | Night Vision | Two Way Audio | Motion Detection | Kamera CCTV Mini Sambung ke HP | CCTV Wireless Lewat HP | Kamera Pengawas Rumah | Tapo CCTV,"kualitas gambar:jernih
kemudahan pemasangan:mudah banget
audio dua arah:jernih

Cman 5 menit settingnya 
Super duper gampang pokoknya",5,2026-09-30 12:30
nurhayanto79,TP-Link | Tapo C500 | Kamera CCTV WiFi Outdoor | Full HD 1080P 2MP | IP65 Tahan Air | Pan Tilt 360 Derajat | Night Vision Warna | Two Way Audio | Sound Light Alarm | Kamera CCTV Mini Sambung ke HP | CCTV Wireless Lewat HP | Kamera Pengawas Rumah Halaman,,5,2026-09-30 12:29
techdans,TP-Link | Mercusys MA14H | USB Wifi Adapter | Dongle Wifi | Usb Wifi | Wifi 6 AX300 | Wifi Adapter | Wifi Receiver | Usb Dongle | High Gain Antena Eksternal | Wireless Adapter PC Laptop | Baru Original Bergaransi Resmi Ready Stock Promo Murah Terbaru,,5,2026-09-30 12:27
allo14,TP-Link | Tapo C200C | Kamera CCTV WiFi Indoor | Full HD 1080P 2MP | Pan Tilt 360 Derajat | 9x Digital Zoom | Night Vision | Two Way Audio | Motion Detection | Kamera CCTV Mini Sambung ke HP | CCTV Wireless Lewat HP | Kamera Pengawas Rumah | Tapo CCTV,,5,2026-09-30 12:15
yayukr2d3o,TP-Link | Mercusys MR60X | Router WiFi | WiFi 6 | AX1500 | Router TP-Link | Dual Band | Gigabit | Router Rumah | Internet Cepat | Wireless Router | Original | Garansi Resmi | Ready Stock | Baru | Promo | Murah,,5,2026-09-30 11:59
p*****g,TP-Link | TL-WR820N | Router Wifi | N300 300Mbps | Dual Antenna | Router Rumah | Internet Cepat | Wireless Router | Guest Network | IPTV IPv6 | Access Point Mode | Setup Mudah | Sinyal Kuat | Original | Garansi Resmi | Ready Stock | Baru | Promo | Murah,,5,2026-09-30 11:58
ayzlifes,TP-Link | UB500 | Bluetooth Receiver | Bluetooth 5.3 | Nano USB Adapter | Dongle Bluetooth | Adapter Laptop PC | Desktop Windows | Original | Garansi Resmi | Ready Stock | Baru | Promo | Murah,,5,2026-09-30 11:53
ayzlifes,TP-Link Archer T3U Plus | AC1300 High Gain WiFi Adapter | DualBand | T2UB Nano T2U Plus T3U Nano T3U,,5,2026-09-30 11:53
putrafajriaziizi,TP-Link | TL-WA855RE | WiFi Extender | WiFi Repeater | Penguat Sinyal | Penangkap Sinyal | Penguat Jaringan | Penguat Wifi Jarak Jauh Tanpa Kabel | WiFi Booster | Signal Booster | WPS | Pemancar Wifi | WPS,,5,2026-09-30 11:46
amanda.028,TP-Link | Tapo C500 | Kamera CCTV WiFi Outdoor | Full HD 1080P 2MP | IP65 Tahan Air | Pan Tilt 360 Derajat | Night Vision Warna | Two Way Audio | Sound Light Alarm | Kamera CCTV Mini Sambung ke HP | CCTV Wireless Lewat HP | Kamera Pengawas Rumah Halaman,Kualitas baguss yg Tapo C500 hasil Dari Camera jernihh dan cerah pengambilan gambar luasss ..Gak rugi meski harganya segitu.,5,2026-09-30 11:45
fandi_saputra,TP-Link TL-WN727N | 150Mbps WiFi Adapter | Wireless N | USB Adapter | Dongle WiFi | WN725N WN722N,,5,2026-09-30 11:43
fandi_saputra,TP-Link | UB500 | Bluetooth Receiver | Bluetooth 5.3 | Nano USB Adapter | Dongle Bluetooth | Adapter Laptop PC | Desktop Windows | Original | Garansi Resmi | Ready Stock | Baru | Promo | Murah,,5,2026-09-30 11:43
ariesetyowe,TP-Link | EAP110 | Access Point | Access Point Indoor | N300 Wireless Ceiling Wall Mount | Wifi Kantor Hotel | Support Omada SDN | Mesh Roaming | Wifi Sekolah Cafe | PoE Powered | Original | Garansi Resmi | Ready Stock | Baru | Promo | Murah,,5,2026-09-30 11:41
usedtobe,TP-Link | Deco E4(1/2/3 Pack) | Mesh Wifi | Wifi Extender | AC1200 Dual Band | Router Mesh Wifi Rumah | Whole Home Mesh System | Original | Garansi Resmi | Baru | Promo | Murah,,5,2026-09-30 11:34
z*****i,TP-Link | TL-SG1008D | Switch 8 Port Gigabit | Unmanaged Switch | Ethernet Switch Desktop | Auto Negotiation | Plug And Play | Untuk Kantor Rumah | Untuk Kantor Rumah Sekolah | Hemat Energi | Original | Garansi Resmi | Ready Stock | Baru | Promo | Murah,,5,2026-09-30 11:31
y*****t,TP-Link | Tapo P100 | Smart Plug WiFi | Stop Kontak Pintar | Colokan Pintar WiFi | Smart Home | Kontrol Lewat HP | Timer Otomatis | Voice Control | Hemat Listrik | Original | Resmi | Garansi Resmi,,5,2026-09-30 11:20
a*****0,TP-Link | TL-SG108 | Switch Gigabit | 8 Port | Gigabit Ethernet Switch | Unmanaged Switch | Switch LAN | Switch Jaringan | Hub LAN | Switch Ethernet | Switch Hub Gigabit | Plug and Play,,5,2026-09-30 11:20
a*****1,TP-Link | Tapo C200C | Kamera CCTV WiFi Indoor | Full HD 1080P 2MP | Pan Tilt 360 Derajat | 9x Digital Zoom | Night Vision | Two Way Audio | Motion Detection | Kamera CCTV Mini Sambung ke HP | CCTV Wireless Lewat HP | Kamera Pengawas Rumah | Tapo CCTV,"kualitas gambar:kualitas gambar sangat jernih
kemudahan pemasangan:Mudah-mudahan di pasang
audio dua arah:audio arah bagus, berfungsi keduanya.

Cctv nya bagus... Harga murah tapi kualitas bagus. Respon penjual cepat dan baik, ada sedikit kendala, penjual lgsg kasih saran dan mengarahkan nya dg baik. Terimakasih..",5,2026-09-30 11:20
muhamadbuchori,TP-Link | TL-WR840N TL-WR820N TL-WR844N | Router WiFi | 300Mbps | Router TP-Link | Wireless N | Router Rumah | Internet Cepat | WiFi Router | Mode Repeater | Extender | WISP | Original | Garansi Resmi | Ready Stock | Baru | Promo | Murah,,5,2026-09-30 11:08
lidyavelly,TP-Link | Mercusys MW306R | Router Wifi | Router TP-Link | N300 Wireless Router | Router Rumah | Internet Cepat | Wireless Router | Multi Mode Access Point | Original | Garansi Resmi | Ready Stock | Baru | Promo | Murah,,5,2026-09-30 11:01
dickyfirmansyah684,TP-Link | LS1005G | 5-Port Gigabit Desktop Switch | Unmanaged Ethernet Switch | Plug & Play | Fanless Design | Green Technology | Auto MDI/MDIX | Desktop Ethernet Splitter | 10/100/1000Mbps | Original | Resmi | Garansi Resmi,,5,2026-09-30 10:58
wisnumurti71,TP-Link Tapo C500 C510W C520WS | 1080P Kamera CCTV Outdoor | PTZ IP WiFi Camera | 2MP | IP65 Waterproof | Video | 512Gb SD Card,,5,2026-09-30 10:58
mfaizamiruddin,TP-Link | RE200 | Wifi Extender | Wifi Range Extender | Wi Fi Repeater | Penguat Sinyal Wifi | AC750 Dual Band | Access Point | Sinyal Kuat Jangkauan Luas | Extend Wifi Rumah | Setup Mudah | Original | Garansi Resmi | Ready Stock | Baru | Promo | Murah,,5,2026-09-30 10:53
ucoksim587,TP-Link | Tapo C211 2K WiFi Camera Smart IP CCTV 360° Security 3MP Night Vision Mini 2-Way Call New,,5,2026-09-30 10:18
rieko123,TP-Link | RE305 | WiFi Extender | AC1200 | WiFi Repeater | Penguat Sinyal WiFi | Dual Band | Mesh | Range Extender | Internet Cepat | WiFi Rumah | Original | Garansi Resmi | Ready Stock | Baru | Promo | Murah,,5,2026-09-30 10:05
fe4lom3y1n,TP-Link | Mercusys MA14N | USB Wifi Adapter Nano | Wifi 6 | AX300 | Wifi Adapter TP-Link | Dongle Wifi | Usb Wifi | Wifi Receiver | Nano Mini Wireless Adapter PC Laptop | Original | Garansi Resmi | Ready Stock | Baru | Promo | Murah,,5,2026-09-30 09:06
t*****k,Archer TX20UH   AX1800 High Gain Wireless USB Adapter  Fast WiFi 6,,5,2026-09-30 09:04
plend2nafiabu,TP-Link | Archer TX1U Nano | USB Wifi Adapter Nano | Dongle Wifi | Usb Wifi | Wifi 6 | Wifi Adapter | Wifi Receiver | Nano Mini Wireless Adapter PC Laptop | Original | Garansi Resmi | Ready Stock | Baru | Promo,,5,2026-09-30 08:58
suanto_123,TP-Link TL-WR840N | 300Mbps WiFi N Router I IPv6 IPTV | Router | Access Point | Extender | WPA3,,5,2026-09-30 08:38
d*****4,TP-Link | RE705X | WiFi Extender | WiFi 6 | AX3000 | WiFi Repeater | Penguat Sinyal WiFi | Dual Band | Mesh | Range Extender | Internet Cepat | Original | Garansi Resmi | Ready Stock | Baru | Promo | Murah,,5,2026-09-30 08:37
q*****9,TP-Link | TL-WA855RE | WiFi Extender | WiFi Repeater | Penguat Sinyal | Penangkap Sinyal | Penguat Jaringan | Penguat Wifi Jarak Jauh Tanpa Kabel | WiFi Booster | Signal Booster | WPS | Pemancar Wifi | WPS,,5,2026-09-30 08:30
charleszhu77,TP-Link Archer C54 | AC1200 Dual-Band Wi-Fi Router | Router Wi-Fi Murah & Cepat untuk Rumah | Stabil untuk Streaming & Gaming | 4 Antena High-Gain | Instalasi Mudah via App | Router Wi-Fi Terbaik untuk Pemula | Garansi Resmi TP-Link Indonesia,,5,2026-09-30 08:30
skies.co.id,TP-Link | Archer C64 | Router WiFi | AC1200 | WiFi 5 | Router TP-Link | Dual Band | Gigabit | EasyMesh | Router Rumah | Internet Cepat | Wireless Router | Original | Garansi Resmi | Ready Stock | Baru | Promo | Murah,,5,2026-09-30 08:03
putrihardini67,TP-Link | Tapo C220 | Kamera CCTV WiFi Indoor | 2K 4MP | CCTV Indoor | Pan Tilt | Kamera 360 | CCTV WiFi Jarak Jauh Lewat HP | IP Camera | Video SD | Original | Garansi Resmi | Ready Stock | Baru | Promo | Murah,,5,2026-09-30 08:02
putrihardini67,TP-Link | Tapo C500 | Kamera CCTV WiFi Outdoor | Full HD 1080P 2MP | IP65 Tahan Air | Pan Tilt 360 Derajat | Night Vision Warna | Two Way Audio | Sound Light Alarm | Kamera CCTV Mini Sambung ke HP | CCTV Wireless Lewat HP | Kamera Pengawas Rumah Halaman,,5,2026-09-30 08:02
estheriani7878,TP-Link | TL-WR845N | Router WiFi | 300Mbps | Router TP-Link | Wireless Router | Router Rumah | Internet Cepat | Repeater | Extender | Access Point Mode | WISP | Original | Garansi Resmi | Ready Stock | Baru | Promo | Murah,,5,2026-09-30 07:53
huda150,TP-Link | Archer TX10UB Nano | USB Wifi Adapter Nano | Dongle Wifi | Usb Wifi | Wifi 6 AX1800 Dual Band | Bluetooth 5.0 | Wifi Adapter | Wifi Receiver | Nano Mini Wireless Adapter PC | Original | Garansi Resmi | Ready Stock,,5,2026-09-30 07:52
michal_ho,TP-Link | Deco X10 | Mesh Wifi | Wifi Extender | Wifi 6 AX1500 Dual Band | Router Mesh Wifi Rumah | Whole Home Mesh System | 3 Pack | Sinyal Kuat Jangkauan Luas | EasyMesh | Gigabit Port | Original | Garansi Resmi | Ready Stock | Baru | Promo | Murah,,5,2026-09-30 07:52
michaelrichard,TP-Link | Deco S7(1/2/3 Pack) | Mesh Wifi | Wifi Extender | AC1900 Dual Band | Router Mesh Wifi Rumah | Whole Home Mesh System | Original | Garansi Resmi | Baru | Promo | Murah,,5,2026-09-30 07:42
xne0_1nf87,TP-Link | TL-WN725N | USB WiFi Adapter | Dongle WiFi | WiFi Receiver | 150Mbps | Wireless N | Nano USB Adapter | Adapter WiFi Laptop PC | Original | Garansi Resmi | Ready Stock | Baru | Promo | Murah,,5,2026-09-30 07:39
redyr,TP-Link TL-WA850RE | 300Mbps Wi-Fi Range Extender | Penguat Sinyal | Internet LAN | Access Point,,5,2026-09-30 07:30
m*****a,TP-Link | Tapo C220 | Kamera CCTV WiFi Indoor | 2K 4MP | CCTV Indoor | Pan Tilt | Kamera 360 | CCTV WiFi Jarak Jauh Lewat HP | IP Camera | Video SD | Original | Garansi Resmi | Ready Stock | CCTV Online | Smart CCTV,"Puas banget semalaman dipake ini, gak ada masalah pake sd card lexar 32gb yang sesuai guide. Deteksi gerakan dan suara (tangisan bayi dll) juga oke. Paling produknya walaupun bisa muter 360 tapi gak bisa detect yang dibelakangnya ya, jadi kalau ke detect yang semua sisi banget, beli yang dual atas bawah itu",5,2026-09-30 06:59
tokolilinjapung,TP-Link Archer AX12 | AX1500 WiFi 6 Router | Dual Band | Gigabit | Mesh | Wireless Access Point,,5,2026-09-30 05:54
1ta_sa136e,TP-Link | Archer T2U Nano | USB Wifi Adapter Nano | Dongle Wifi | Usb Wifi | AC600 Dual Band | Wifi Adapter | Wifi Receiver | Nano Mini Wireless Adapter PC Laptop | Original | Garansi Resmi | Ready Stock | Baru | Promo,,5,2026-09-30 05:45
clarabelaudia05,TP-Link | Archer TX1U Nano | USB Wifi Adapter Nano | Dongle Wifi | Usb Wifi | Wifi 6 | Wifi Adapter | Wifi Receiver | Nano Mini Wireless Adapter PC Laptop | Original | Garansi Resmi | Ready Stock | Baru | Promo,,4,2026-09-30 05:38
jaroby,TP Link TL-SG108E 8-Port Gigabit Easy Smart Switch | Plug n Play | Casing Metal | Hemat energi | Akses Mudah,,5,2026-09-30 05:34
riss.store02,TP-Link | TL-WR840N | WiFi Router | Wireless | Kabel | WiFi Rumah | Penguat Singal WiFi | Internet Stabil | Access Point | IPTV | Wifi Rumahan Unlimited Siap Pakai | Router Wifi Penguat Jarak Jauh | Tether | LAN,,5,2026-09-30 05:30
fathanudin_ahmad,TP-Link | Archer T2UB Nano | USB Wifi Adapter Nano | Dongle Wifi | Usb Wifi | AC600 Dual Band | Wifi Adapter | Wifi Receiver | Nano Mini Wireless Adapter PC Laptop | Original | Garansi Resmi | Ready Stock | Baru | Promo,,5,2026-09-30 05:30
ummu_syifa01,TP-Link | TL-WN725N | USB WiFi Adapter | Dongle WiFi | WiFi Receiver | 150Mbps | Wireless N | Nano USB Adapter | Adapter WiFi Laptop PC | Original | Garansi Resmi | Ready Stock | Baru | Promo | Murah,,5,2026-09-30 05:27
slametibnu_,TP-Link | LS1005 | Switch 5 Port | 10/100Mbps Unmanaged Switch | Ethernet Switch Desktop | Plug And Play | Hemat Energi | Untuk Kantor Rumah | Original | Garansi Resmi | Ready Stock | Baru | Promo | Murah,,5,2026-09-30 05:15
bitovarenovian,TP-Link Archer T3U Plus | AC1300 High Gain WiFi Adapter | Dual Band | WiFi 5 Adapter | Dongle | T2U,,5,2026-09-30 05:07
debiricardo,TP-Link | Archer T2U | USB Wifi Adapter | Dongle Wifi | Usb Wifi | AC600 Dual Band | Wifi Adapter | Wifi Receiver | Wireless Adapter PC Laptop | Original | Garansi Resmi | Ready Stock | Baru | Promo | Murah,,5,2026-09-30 03:31
o*****5,TP-Link | TL-SG108 | Switch Hub Gigabit | 8 Port | Gigabit Ethernet Switch | Unmanaged Switch | LAN Switch | Kabel LAN | Network Splitter | Plug and Play | Original | Garansi Resmi | Ready Stock |,,5,2026-09-30 02:47
sobri_alfiansyah,TP-Link | Mercusys MW302R | Router WiFi | 300Mbps | Wireless Router | Router Rumah | Internet Cepat | Multi Mode | Repeater | Extender | WISP | IPTV | Original | Garansi Resmi | Ready Stock | Baru | Promo | Murah,"kemudahan penggunaan aplikasi:barang bagus
kemudahan instalasi:mudah di gunakan
dukungan mode multi-fungsi:kompatibel dengan segala merk",5,2026-09-30 00:59
frengkyaveiro,TP-Link | Archer T2U Nano | USB Wifi Adapter Nano | Dongle Wifi | Usb Wifi | AC600 Dual Band | Wifi Adapter | Wifi Receiver | Nano Mini Wireless Adapter PC Laptop | Original | Garansi Resmi | Ready Stock | Baru | Promo,,5,2026-09-30 00:50
fahmizentraa,TP-Link | UE302C | USB C Lan Adapter | USB Type-C To Gigabit Ethernet | 1000Mbps RJ45 | Plug And Play | Compatible Windows macOS Linux iPadOS | Setup Mudah | Portable Ringan | Original | Garansi Resmi | Ready Stock | Baru | Promo | Murah,,5,2026-09-30 00:48
fadhilfird,TP-Link | Archer T2E | Wifi Adapter PCIe | AC600 Dual Band | Kartu Wifi PC | Wifi Adapter | Wifi Receiver | Wireless Adapter Desktop PC | Original | Garansi Resmi | Ready Stock | Baru | Promo | Murah,,5,2026-09-30 00:45
raywillrichkeydears,TP-Link | TL-WR840N TL-WR820N TL-WR844N | Router WiFi | 300Mbps | Router TP-Link | Wireless N | Router Rumah | Internet Cepat | WiFi Router | Mode Repeater | Extender | WISP | Original | Garansi Resmi | Ready Stock | Baru | Promo | Murah,,5,2026-09-30 00:03
cnsstore,TP-Link | Archer TX20U Nano | USB WiFi Adapter | WiFi 6 | AX1800 | Dongle WiFi | WiFi Receiver | Dual Band | Nano USB Adapter | Adapter Laptop PC | Original | Garansi Resmi | Ready Stock | Baru | Promo | Murah,,5,2026-09-29 23:52
intansungkar,TP-Link Archer C54 | AC1200 Dual-Band Wi-Fi Router | Router Wi-Fi Murah & Cepat untuk Rumah | Stabil untuk Streaming & Gaming | 4 Antena High-Gain | Instalasi Mudah via App | Router Wi-Fi Terbaik untuk Pemula | Garansi Resmi TP-Link Indonesia,,5,2026-09-29 23:26
albedoshop,TP-Link | Archer BE230 | Router WiFi 7 | BE3600 | Dual Band | Gigabit | WiFi Rumah | Access Point | Wireless | Router 5GHz | Wifi Rumahan Unlimited Siap Pakai | Router Wifi Penguat Jarak Jauh | WAN,"Fitur Terbaik:asli dan works
Sepadan dengan Harga:worth it sekali

Tapi ini barang diterima asli dan bsa connect ke tehter appsnya tplink, impresi gua waktu awal buka tak pikir ini barang retur atau apa dengan kondisi dus rusak, packing dalem aur auran asal taroh, smpet curiga barang retur tpi ya mungkin karena diskon gede jadinya gini, just my 2 cents team tp link kayanya harus peratiin jga deh barang yang dikiirm biar pun ada seal plastik, overall barang works fine and asli, itu aja tuh waktu dateng buka barangnya bikin overthinking. But 
thank you",4,2026-09-29 23:05
padang161,TP-Link | UB500 | Bluetooth Receiver | Bluetooth 5.3 | Nano USB Adapter | Dongle Bluetooth | Adapter Laptop PC | Desktop Windows | Original | Garansi Resmi | Ready Stock | Baru | Promo | Murah,,5,2026-09-29 23:05
c*****a,TP-Link | Tapo C200C | Kamera CCTV WiFi Indoor | Full HD 1080P 2MP | Pan Tilt 360 Derajat | 9x Digital Zoom | Night Vision | Two Way Audio | Motion Detection | Kamera CCTV Mini Sambung ke HP | CCTV Wireless Lewat HP | Kamera Pengawas Rumah | Tapo CCTV,"Kamera jernih dan ditempat gelap juga bisa, barang berkualitas, sangat rekomended",5,2026-09-29 22:58
kimoybless,TP-Link | TL-WA854RE | WiFi Extender | WiFi Repeater | Penguat Sinyal | Penangkap Sinyal | Penguat Jaringan | Penguat Wifi Jarak Jauh Tanpa Kabel | WiFi Booster | Signal Booster | WPS | Pemancar Wifi | WPS,,5,2026-09-29 22:53
wsffau7yba,TP-Link | RE450 | WiFi Extender | AC1750 | WiFi Repeater | Penguat Sinyal WiFi | Dual Band | Range Extender | Access Point Mode | WiFi Rumah | Internet Cepat | Original | Garansi Resmi | Ready Stock | Baru | Promo | Murah,,5,2026-09-29 22:45
ichsan.amrullah,TP-Link | Archer AX12 AX1500 | WiFi 6 Router | WiFi Router | Dual Band | Wireless | Kabel | WiFi Rumah | Penguat Sinyal WiFi | Internet Stabil | Access Point | IPTV | Wifi Rumahan Unlimited Siap Pakai | Router Wifi Penguat Jarak Jauh | Tether | LAN,,5,2026-09-29 22:24
karinaafirq,TP-Link | TL-WN725N | USB WiFi Adapter | Dongle WiFi | WiFi Receiver | 150Mbps | Wireless N | Nano USB Adapter | Adapter WiFi Laptop PC | Original | Garansi Resmi | Ready Stock | Baru | Promo | Murah,,5,2026-09-29 22:20
muh_nurcahya,TP-Link | UB500 | Bluetooth Receiver | Bluetooth 5.3 | Nano USB Adapter | Dongle Bluetooth | Adapter Laptop PC | Desktop Windows | Original | Garansi Resmi | Ready Stock | Baru | Promo | Murah,,5,2026-09-29 22:14
nadiahandayani15,TP-Link | TL-WA854RE | WiFi Extender | WiFi Repeater | Penguat Sinyal | Penangkap Sinyal | Penguat Jaringan | Penguat Wifi Jarak Jauh Tanpa Kabel | WiFi Booster | Signal Booster | WPS | Pemancar Wifi | WPS,,5,2026-09-29 22:13
6nf3sj5drs,TP-Link | LS1008 | Switch 8 Port | 10/100Mbps Unmanaged Switch | Ethernet Switch Desktop | Plug And Play | Hemat Energi | Untuk Kantor Rumah | Original | Garansi Resmi | Ready Stock | Baru | Promo | Murah,,5,2026-09-29 22:12
6nf3sj5drs,TP-Link | Mercusys MW302R | Router WiFi | 300Mbps | Wireless Router | Router Rumah | Internet Cepat | Multi Mode | Repeater | Extender | WISP | IPTV | Original | Garansi Resmi | Ready Stock | Baru | Promo | Murah,,5,2026-09-29 22:12
elliora97,TP-Link | TL-WN725N | USB WiFi Adapter | Dongle WiFi | WiFi Receiver | 150Mbps | Wireless N | Nano USB Adapter | Adapter WiFi Laptop PC | Original | Garansi Resmi | Ready Stock | Baru | Promo | Murah,,5,2026-09-29 22:03
anarawata,TP-Link | Tapo T110 | Smart Contact Sensor | Door & Window Sensor | Instant App Notification | Tapo Hub Required | Smart Home Automation | Battery Powered | Original | Resmi | Garansi Resmi,,5,2026-09-29 22:01
anarawata,TP-Link | Tapo P100 | Smart Plug WiFi | Stop Kontak Pintar | Colokan Pintar WiFi | Smart Home | Kontrol Lewat HP | Timer Otomatis | Voice Control | Hemat Listrik | Original | Resmi | Garansi Resmi,,5,2026-09-29 22:01
dahasakun,TP-Link | UB500 | Bluetooth Receiver | Bluetooth 5.3 | Nano USB Adapter | Dongle Bluetooth | Adapter Laptop PC | Desktop Windows | Original | Garansi Resmi | Ready Stock | Baru | Promo | Murah,,5,2026-09-29 21:51
a*****_,TP-Link | Archer TX1U Nano | USB Wifi Adapter Nano | Dongle Wifi | Usb Wifi | Wifi 6 | Wifi Adapter | Wifi Receiver | Nano Mini Wireless Adapter PC Laptop | Original | Garansi Resmi | Ready Stock | Baru | Promo,,5,2026-09-29 21:48
atikaanh,TP-Link | Tapo C220 | Kamera CCTV WiFi Indoor | 2K 4MP | CCTV Indoor | Pan Tilt | Kamera 360 | CCTV WiFi Jarak Jauh Lewat HP | IP Camera | Video SD | Original | Garansi Resmi | Ready Stock | CCTV Online | Smart CCTV,,5,2026-09-29 21:35
fernando.1899,TP-Link | Deco E4 | Mesh Wifi | Wifi Extender | AC1200 Dual Band | Router Mesh Wifi Rumah | Whole Home Mesh System | 1 Pack | Original | Garansi Resmi | Ready Stock | Baru | Promo | Murah,,5,2026-09-29 21:30
t16v14t16r07,TP-Link Archer C64 | AC1200 WiFi 5 Router | Dual Band | Gigabit | Mesh | IPv6 IPTV | Cloud Tether,"Fitur Terbaik:bagus sekali
Sepadan dengan Harga:worth it

Cara instal mudah, bisa jadi akses poin, internet dilantai 2 jadi super kencang",5,2026-09-29 21:26
erviana_indah,TP-Link | TL-WN725N | USB WiFi Adapter | Dongle WiFi | WiFi Receiver | 150Mbps | Wireless N | Nano USB Adapter | Adapter WiFi Laptop PC | Original | Garansi Resmi | Ready Stock | Baru | Promo | Murah,,5,2026-09-29 21:18
esa_altamis77,TP-Link | Tapo C200C | Kamera CCTV WiFi Indoor | Full HD 1080P 2MP | Pan Tilt 360 Derajat | 9x Digital Zoom | Night Vision | Two Way Audio | Motion Detection | Kamera CCTV Mini Sambung ke HP | CCTV Wireless Lewat HP | Kamera Pengawas Rumah | Tapo CCTV,,5,2026-09-29 21:13
hafizi234,TP-Link | Tapo C500 | Kamera CCTV WiFi Outdoor | Full HD 1080P 2MP | IP65 Tahan Air | Pan Tilt 360 Derajat | Night Vision Warna | Two Way Audio | Sound Light Alarm | Kamera CCTV Mini Sambung ke HP | CCTV Wireless Lewat HP | Kamera Pengawas Rumah Halaman,,5,2026-09-29 21:04
sopiansopian594,TP-Link | Mercusys MC500 | Kamera CCTV Wifi Outdoor | CCTV Outdoor | CCTV Wifi Jarak Jauh Lewat Hp | Kamera 360 | Full HD 1080P | Pan Tilt | IP65 Tahan Air | Color Night Vision | Two Way Audio | Original | Garansi Resmi | Ready Stock | Baru | Promo,,5,2026-09-29 20:56
sopiansopian594,TP-Link | Tapo C500 | Kamera CCTV WiFi Outdoor | Full HD 1080P 2MP | IP65 Tahan Air | Pan Tilt 360 Derajat | Night Vision Warna | Two Way Audio | Sound Light Alarm | Kamera CCTV Mini Sambung ke HP | CCTV Wireless Lewat HP | Kamera Pengawas Rumah Halaman,,5,2026-09-29 20:56
ahmadfirzabaihaqi2406,TP-Link | Tapo C200C | Kamera CCTV WiFi Indoor | Full HD 1080P 2MP | Pan Tilt 360 Derajat | 9x Digital Zoom | Night Vision | Two Way Audio | Motion Detection | Kamera CCTV Mini Sambung ke HP | CCTV Wireless Lewat HP | Kamera Pengawas Rumah | Tapo CCTV,,5,2026-09-29 20:43
donyrenaldi,TP-Link Archer C80 | AC1900 WiFi 5 Router | Dual Band | Gigabit | Easy Mesh | WPA3 | Smart Connect,,5,2026-09-29 20:42
mutakabirstore,TP-Link | TL-WN722N | USB WiFi Adapter | Dongle WiFi | WiFi Receiver | 150Mbps | High Gain Antenna | Wireless USB Adapter | Adapter WiFi Laptop PC | Original | Garansi Resmi | Ready Stock | Baru | Promo | Murah,,5,2026-09-29 20:23
y*****e,TP-Link | Archer TX1U Nano | AX300 Nano Wi-Fi 6 Wireless USB Adapter | Plug & Play,"kecepatan koneksi:pas
kemudahan instalasi:mudah",5,2026-09-29 20:16
rizkyhariemullah,TP-Link | Archer AX12 AX1500 | WiFi 6 Router | WiFi Router | Dual Band | Wireless | Kabel | WiFi Rumah | Penguat Sinyal WiFi | Internet Stabil | Access Point | IPTV | Wifi Rumahan Unlimited Siap Pakai | Router Wifi Penguat Jarak Jauh | Tether | LAN,,5,2026-09-29 20:11
m*****n,TP-Link | Mercusys ME30 | AC1200 WiFi Extender | Dual Band | Penguat Sinyal | Repeater | Access Point,,5,2026-09-29 20:09
m*****n,TP-Link | Mercusys ME30 | AC1200 WiFi Extender | Dual Band | Penguat Sinyal | Repeater | Access Point,,5,2026-09-29 20:08
m*****n,TP-Link | UB500 | Bluetooth Receiver | Bluetooth 5.3 | Nano USB Adapter | Dongle Bluetooth | Adapter Laptop PC | Desktop Windows | Original | Garansi Resmi | Ready Stock | Baru | Promo | Murah,,5,2026-09-29 20:08
e*****a,TP-Link | UB500 | Bluetooth Receiver | Bluetooth 5.3 | Nano USB Adapter | Dongle Bluetooth | Adapter Laptop PC | Desktop Windows | Original | Garansi Resmi | Ready Stock | Baru | Promo | Murah,Cukup mudah dan langsung kebaca proses pairingnya,5,2026-09-29 20:06
algiandika17,TP-Link | RE305 | WiFi Extender | AC1200 | WiFi Repeater | Penguat Sinyal WiFi | Dual Band | Mesh | Range Extender | Internet Cepat | WiFi Rumah | Original | Garansi Resmi | Ready Stock | Baru | Promo | Murah,,5,2026-09-29 20:03
sohib_fadillah,TP-Link | UH5020C | USB C Hub | Hub Type C | 5 In 1 | HDMI 4K 60Hz | PD 100W | USB 3.0 5Gbps | Docking Station | Adapter USB C Laptop MacBook | Portable Ringan | Desain Kompak | Original | Garansi Resmi | Ready Stock | Baru | Promo | Murah,,5,2026-09-29 19:59
kegarahmani,TP-Link | UB500 | Bluetooth 5.0 Nano USB Adapter | Bluetooth Dongle | Plug & Play | Low Energy | Compatible Windows 11/10/8.1/7 | Wireless PC Adapter | Original | Resmi | Garansi Resmi | TP Link,,5,2026-09-29 19:56
alviyanbongg,TP-Link | Archer TX20U Plus | USB Wifi Adapter | Dongle Wifi | Usb Wifi | Wifi 6 AX1800 Dual Band | High Gain Antena | Wifi Adapter | Wifi Receiver | Wireless Adapter PC Laptop | Original | Garansi Resmi | Ready Stock,,5,2026-09-29 19:51
nazwachacha,TP-Link | MC220L | Media Converter | Gigabit Ethernet Media Converter | Converter Fiber Optik | Konverter Fiber Ke Lan | Single Mode Multi Mode | LC Connector | Original | Garansi Resmi | Ready Stock | Baru | Promo | Murah,,5,2026-09-29 19:43
adikusuma694,TP-Link | Mercusys MB110-4G | Router Wifi 4G LTE | Modem Wifi 4G All Operator | Router TP-Link | Modem Wifi Sim Card | 300Mbps | 2 Antena Eksternal | Router Rumah Kantor | Internet Cepat | Original | Garansi Resmi | Ready Stock | Baru | Promo | Murah,,5,2026-09-29 19:40
tismanalfayaid76,TP-Link | TL-WR840N | WiFi Router | Wireless | Kabel | WiFi Rumah | Penguat Singal WiFi | Internet Stabil | Access Point | IPTV | Wifi Rumahan Unlimited Siap Pakai | Router Wifi Penguat Jarak Jauh | Tether | LAN,,5,2026-09-29 19:20
qwank,TP-Link | Tapo C500 | Kamera CCTV WiFi Outdoor | Full HD 1080P 2MP | IP65 Tahan Air | Pan Tilt 360 Derajat | Night Vision Warna | Two Way Audio | Sound Light Alarm | Kamera CCTV Mini Sambung ke HP | CCTV Wireless Lewat HP | Kamera Pengawas Rumah Halaman,"Bagus,pemasangan juga mudah semoga bisa awet",5,2026-09-29 19:19
d4piid,TP-Link | Tapo C500 | Kamera CCTV WiFi Outdoor | Full HD 1080P 2MP | IP65 Tahan Air | Pan Tilt 360 Derajat | Night Vision Warna | Two Way Audio | Sound Light Alarm | Kamera CCTV Mini Sambung ke HP | CCTV Wireless Lewat HP | Kamera Pengawas Rumah Halaman,,5,2026-09-29 19:11
bayuwks,TP-Link | UB500 | Bluetooth Receiver | Bluetooth 5.3 | Nano USB Adapter | Dongle Bluetooth | Adapter Laptop PC | Desktop Windows | Original | Garansi Resmi | Ready Stock | Baru | Promo | Murah,,5,2026-09-29 19:01
w*****n,TP-Link | Tapo C200C | Kamera CCTV WiFi Indoor | Full HD 1080P 2MP | Pan Tilt 360 Derajat | 9x Digital Zoom | Night Vision | Two Way Audio | Motion Detection | Kamera CCTV Mini Sambung ke HP | CCTV Wireless Lewat HP | Kamera Pengawas Rumah | Tapo CCTV,"untuk sementara oke, harga memory naik jadi harga bundle naik lumayan drastis. semoga awet",5,2026-09-29 18:57
kang_sosis,TP-Link | TL-WR840N | WiFi Router | Wireless | Kabel | WiFi Rumah | Penguat Singal WiFi | Internet Stabil | Access Point | IPTV | Wifi Rumahan Unlimited Siap Pakai | Router Wifi Penguat Jarak Jauh | Tether | LAN,,5,2026-09-29 18:52
fide02__,TP-Link | TL-MR100 | WiFi Router | Router SIM Card | Wireless | Router WiFi Penguat Jarak Jauh | Penguat Sinyal | Penangkap Penguat Sinyal | Penguat Jaringan | Signal WiFi Booster | Pemancar Wifi | | WiFi Rumah,,5,2026-09-29 18:37
takorosi,TP-Link | Tapo C210 | Kamera WiFi CCTV Indoor Outdoor | Kamera Keamanan | 1080p Full HD | Pan Tilt | 360° | Night Vision | Motion Detection | Person Detection | Kantor | Cafe | Two Way Audio | microSD 512GB | Streaming | CCTV WiFi Jarak Jauh Lewat HP,,5,2026-09-29 18:36
takorosi,TP-Link | Tapo C500 | Kamera CCTV WiFi Outdoor | Full HD 1080P 2MP | IP65 Tahan Air | Pan Tilt 360 Derajat | Night Vision Warna | Two Way Audio | Sound Light Alarm | Kamera CCTV Mini Sambung ke HP | CCTV Wireless Lewat HP | Kamera Pengawas Rumah Halaman,,5,2026-09-29 18:36
ansyahalfi18,TP-Link | Archer C64 | Router WiFi | AC1200 | WiFi 5 | Router TP-Link | Dual Band | Gigabit | EasyMesh | Router Rumah | Internet Cepat | Wireless Router | Original | Garansi Resmi | Ready Stock | Baru | Promo | Murah,"jangkauan sinyal:Baik
kemudahan instalasi:Mudah
stabilitas jaringan:Baik

Produk sesuai pesanan",5,2026-09-29 18:22
deylan087,TP-Link | TL-WN725N | USB WiFi Adapter | Dongle WiFi | WiFi Receiver | 150Mbps | Wireless N | Nano USB Adapter | Adapter WiFi Laptop PC | Original | Garansi Resmi | Ready Stock | Baru | Promo | Murah,,5,2026-09-29 18:14
z*****7,TP-Link | TL-WA855RE | WiFi Extender | WiFi Repeater | Penguat Sinyal | Penangkap Sinyal | Penguat Jaringan | Penguat Wifi Jarak Jauh Tanpa Kabel | WiFi Booster | Signal Booster | WPS | Pemancar Wifi | WPS,,5,2026-09-29 18:06
ahmadripai13,TP-Link Archer T3U Plus | AC1300 High Gain WiFi Adapter | DualBand | T2UB Nano T2U Plus T3U Nano T3U,,5,2026-09-29 18:04
keuanganpnrengat,TP-Link | Archer AX12 AX1500 | WiFi 6 Router | WiFi Router | Dual Band | Wireless | Kabel | WiFi Rumah | Penguat Sinyal WiFi | Internet Stabil | Access Point | IPTV | Wifi Rumahan Unlimited Siap Pakai | Router Wifi Penguat Jarak Jauh | Tether | LAN,,5,2026-09-29 18:02
f*****y,TP-Link | TL-WA855RE | WiFi Extender | WiFi Repeater | Penguat Sinyal | Penangkap Sinyal | Penguat Jaringan | Penguat Wifi Jarak Jauh Tanpa Kabel | WiFi Booster | Signal Booster | WPS | Pemancar Wifi | WPS,"Pengiriman lumayan cepat, packaging aman, barang bagus, instalasi tidak sulit, semoga ga ada masalah seterusnya",5,2026-09-29 17:49
a*****6,TP-Link | Tapo C200C | Kamera CCTV WiFi Indoor | Full HD 1080P 2MP | Pan Tilt 360 Derajat | 9x Digital Zoom | Night Vision | Two Way Audio | Motion Detection | Kamera CCTV Mini Sambung ke HP | CCTV Wireless Lewat HP | Kamera Pengawas Rumah | Tapo CCTV,,5,2026-09-29 17:49
cak_arif053,TP-Link | Tapo C200C | Kamera CCTV WiFi Indoor | Full HD 1080P 2MP | Pan Tilt 360 Derajat | 9x Digital Zoom | Night Vision | Two Way Audio | Motion Detection | Kamera CCTV Mini Sambung ke HP | CCTV Wireless Lewat HP | Kamera Pengawas Rumah | Tapo CCTV,,5,2026-09-29 17:42
k*****n,TP-Link | Archer TX10UB Nano | USB Wifi Adapter Nano | Dongle Wifi | Usb Wifi | Wifi 6 AX1800 Dual Band | Bluetooth 5.0 | Wifi Adapter | Wifi Receiver | Nano Mini Wireless Adapter PC | Original | Garansi Resmi | Ready Stock,,5,2026-09-29 17:41
ardi_koyye,TP-Link | LS1005G | 5-Port Gigabit Desktop Switch | Unmanaged Ethernet Switch | Plug & Play | Fanless Design | Green Technology | Auto MDI/MDIX | Desktop Ethernet Splitter | 10/100/1000Mbps | Original | Resmi | Garansi Resmi,,5,2026-09-29 17:29
riangrinaldi,TP-Link | Tapo C500 | Kamera CCTV WiFi Outdoor | Full HD 1080P 2MP | IP65 Tahan Air | Pan Tilt 360 Derajat | Night Vision Warna | Two Way Audio | Sound Light Alarm | Kamera CCTV Mini Sambung ke HP | CCTV Wireless Lewat HP | Kamera Pengawas Rumah Halaman,Barang trima . Belum di test,5,2026-09-29 17:27
mr_pitto,TP-Link | Archer TX3000E | Wifi Adapter PCIe | Wifi 6 AX3000 Dual Band | Bluetooth 5.0 | Kartu Wifi PC | Wifi Adapter | Wifi Receiver | Wireless Adapter Desktop PC | Original | Garansi Resmi | Ready Stock | Baru,,5,2026-09-29 17:06
huang_mimi1702,TP-Link | TL-SG108 | Switch Gigabit | 8 Port | Gigabit Ethernet Switch | Unmanaged Switch | Switch LAN | Switch Jaringan | Hub LAN | Switch Ethernet | Switch Hub Gigabit | Plug and Play,,5,2026-09-29 17:00
mnancym,TP-Link | Tapo C110 | Kamera CCTV WiFi Indoor | 2K QHD 3MP | AI Detection | Night Vision | Motion Detection | Two-Way Audio | MicroSD 512GB | Kontrol Lewat HP | Original | Resmi | Garansi Resmi | Ready Stock,,5,2026-09-29 16:37
s*****d,TP-Link | Deco X50 1/2/3 Pack | Mesh WiFi | WiFi 6 | AX3000 | Router WiFi Mesh | Dual Band | Gigabit | Deco Mesh | WiFi Rumah | Router Mesh WiFi Rumah | Smart Home | WiFi Cepat | Wireless Router | Penguat Singal WiFi | Access Point,Lebih ngatjiiir dari perangkat sebelumnya.,5,2026-09-29 16:14
arifrahmman123,TP-Link | TL-WA850RE | Wifi Extender | Wifi Range Extender | Wi Fi Repeater | Penguat Sinyal Wifi | N300 300Mbps | Mini Wifi Extender | Signal Booster | Ethernet Port | Plug And Play | Original | Garansi Resmi | Ready Stock | Baru | Promo | Murah,,5,2026-09-29 16:09
suju_fashion,TP-Link | Archer C64 | Router WiFi | AC1200 | WiFi 5 | Router TP-Link | Dual Band | Gigabit | EasyMesh | Router Rumah | Internet Cepat | Wireless Router | Original | Garansi Resmi | Ready Stock | Baru | Promo | Murah,,5,2026-09-29 15:50
neohost7,TP Link Tapo C200C Pan/Tilt Home Security Wi-Fi Camera | Jangkauan 360 derajat | Kualitas HD 1080p | Deteksi Gerakan Otomatis | Audio Dua Arah,,4,2026-09-29 15:48
safaalqausar77,TP-Link | Archer TX20U Nano | USB WiFi Adapter | WiFi 6 | AX1800 | Dongle WiFi | WiFi Receiver | Dual Band | Nano USB Adapter | Adapter Laptop PC | Original | Garansi Resmi | Ready Stock | Baru | Promo | Murah,,5,2026-09-29 15:44
idaernengsih01,TP-Link | Tapo C246D | Kamera CCTV Dual Lens WiFi Indoor Outdoor | 2K 3MP Dual Lens | Wide Angle Pan Tilt 360 | IP65 Tahan Air | Deteksi AI Orang Hewan Kendaraan | Night Vision Warna | Two Way Audio | Kamera CCTV Mini Sambung ke HP | Kamera Pengawas Rumah,,5,2026-09-29 15:36
robertwtang,TP-Link | Tapo C220 | Kamera CCTV WiFi Indoor | 2K 4MP | CCTV Indoor | Pan Tilt | Kamera 360 | CCTV WiFi Jarak Jauh Lewat HP | IP Camera | Video SD | Original | Garansi Resmi | Ready Stock | Baru | Promo | Murah,,5,2026-09-29 15:22
robertwtang,TP-Link | Tapo C520WS | Kamera CCTV WiFi | 2.5K 4MP | CCTV Outdoor | Pan Tilt | Kamera 360 | CCTV WiFi Jarak Jauh Lewat HP | CCTV Tanpa Kabel | IP66 Tahan Air | Original | Resmi | Garansi Resmi | Promo | Murah | Ready Stock,,5,2026-09-29 15:21
nurisamanah,TP-Link | Mercusys MR60X | Router WiFi | WiFi 6 | AX1500 | Router TP-Link | Dual Band | Gigabit | Router Rumah | Internet Cepat | Wireless Router | Original | Garansi Resmi | Ready Stock | Baru | Promo | Murah,,5,2026-09-29 15:21
mondaymond55,TP-Link | TL-WR845N | Router WiFi | 300Mbps | Router TP-Link | Wireless Router | Router Rumah | Internet Cepat | Repeater | Extender | Access Point Mode | WISP | Original | Garansi Resmi | Ready Stock | Baru | Promo | Murah,,5,2026-09-29 15:16
rkznada,TP-Link | Tapo P115 | Smart Plug WiFi | Stop Kontak Pintar | Colokan Pintar WiFi | Monitoring Listrik | Matter | Smart Home | Kontrol Lewat HP | Timer Otomatis | Original | Resmi | Garansi Resmi,,5,2026-09-29 15:11
a*****e,TP-Link | RE305 | WiFi Extender | AC1200 | WiFi Repeater | Penguat Sinyal WiFi | Dual Band | Mesh | Range Extender | Internet Cepat | WiFi Rumah | Original | Garansi Resmi | Ready Stock | Baru | Promo | Murah,,5,2026-09-29 15:00
a*****a,TP-Link TL-SF1005D | 5-Port Desktop Switch | Fast Ethernet |  10/100Mbps  | Unmanaged | Ethernet Hub,,5,2026-09-29 14:34
zulfantriadji07,TP-Link | TL-WA860RE | Wifi Extender | Wifi Range Extender | Wi Fi Repeater | Penguat Sinyal Wifi | N300 300Mbps | Built In Power Socket | 2 Antena Eksternal | Fast Ethernet Port | Original | Garansi Resmi | Ready Stock | Baru | Promo | Murah,,5,2026-09-29 14:09
dhanshoe,TP-Link | UE306 | USB Lan Adapter | USB 3.0 To Gigabit Ethernet | 1000Mbps RJ45 | Foldable Design | Plug And Play | Compatible Windows macOS Linux Nintendo Switch | Setup Mudah | Original | Garansi Resmi | Ready Stock | Baru | Promo | Murah,desain ringkas:barang sesuai,5,2026-09-29 13:45
agoes2602,TP-Link | RE705X | WiFi Extender | WiFi 6 | AX3000 | WiFi Repeater | Penguat Sinyal WiFi | Dual Band | Mesh | Range Extender | Internet Cepat | Original | Garansi Resmi | Ready Stock | Baru | Promo | Murah,,5,2026-09-29 13:37
b*****a,TP-Link | Tapo C200C | Kamera CCTV WiFi Indoor | Full HD 1080P 2MP | Pan Tilt 360 Derajat | 9x Digital Zoom | Night Vision | Two Way Audio | Motion Detection | Kamera CCTV Mini Sambung ke HP | CCTV Wireless Lewat HP | Kamera Pengawas Rumah | Tapo CCTV,,4,2026-09-29 13:35
ariel.arsyadinata,TP-Link | UB500 | Bluetooth Receiver | Bluetooth 5.3 | Nano USB Adapter | Dongle Bluetooth | Adapter Laptop PC | Desktop Windows | Original | Garansi Resmi | Ready Stock | Baru | Promo | Murah,,5,2026-09-29 13:23
kakbluu,TP-Link | UB400 | USB Bluetooth Adapter Nano | Bluetooth 4.0 USB 2.0 | Plug and Play Tanpa Driver | Jarak Hingga 20 Meter | Kompatibel Windows 11 10 8 7 | Bluetooth Dongle PC Laptop | Adapter Bluetooth Wireless Headset Mouse Keyboard | Mini Portable,,5,2026-09-29 13:18
zaenidarafif,TP-Link | Archer C64 | Router WiFi | AC1200 | WiFi 5 | Router TP-Link | Dual Band | Gigabit | EasyMesh | Router Rumah | Internet Cepat | Wireless Router | Original | Garansi Resmi | Ready Stock | Baru | Promo | Murah,,5,2026-09-29 13:10
k*****p,TP-Link | Tapo C200C | Kamera CCTV WiFi Indoor | Full HD 1080P 2MP | Pan Tilt 360 Derajat | 9x Digital Zoom | Night Vision | Two Way Audio | Motion Detection | Kamera CCTV Mini Sambung ke HP | CCTV Wireless Lewat HP | Kamera Pengawas Rumah | Tapo CCTV,,5,2026-09-29 13:04
e3k2dqd7hk,TP-Link | Tapo C200C | Kamera CCTV WiFi Indoor | Full HD 1080P 2MP | Pan Tilt 360 Derajat | 9x Digital Zoom | Night Vision | Two Way Audio | Motion Detection | Kamera CCTV Mini Sambung ke HP | CCTV Wireless Lewat HP | Kamera Pengawas Rumah | Tapo CCTV,,5,2026-09-29 13:02
ariyanadisaputra,TP-Link | Archer TX55E | Wifi Adapter PCIe | Wifi 6E AXE5400 Tri Band | Bluetooth 5.2 | Kartu Wifi PC | Wifi Adapter | Wifi Receiver | Wireless Adapter Desktop PC | Original | Garansi Resmi | Ready Stock,Semoga Awet,5,2026-09-29 12:56
munawir.pappang,TP-Link | TL-WA855RE | WiFi Extender | WiFi Repeater | Penguat Sinyal | Penangkap Sinyal | Penguat Jaringan | Penguat Wifi Jarak Jauh Tanpa Kabel | WiFi Booster | Signal Booster | WPS | Pemancar Wifi | WPS,,5,2026-09-29 12:50
fajaraqwino,TP-Link | UB400 | USB Bluetooth Adapter | Mini Wireless Bluetooth 4.0 | Nano USB 2.0 | Bluetooth Receiver | Driver Free | Compatible Windows | Setup Mudah | Ukuran Mini Portable | Original | Garansi Resmi | Ready Stock | Baru | Promo | Murah,,5,2026-09-29 12:50
williseptianhartanto,TP-Link Archer T3U Plus | AC1300 High Gain WiFi Adapter | DualBand | T2UB Nano T2U Plus T3U Nano T3U,,5,2026-09-29 12:47
vinkaa.id,TP-Link | TL-MR105 | Modem WiFi 4G All Operator | Router WiFi SIM Card | 4G LTE | 300Mbps | Modem WiFi | Router Rumah | Internet Stabil | WiFi Portable | CPE | Original | Garansi Resmi | Ready Stock | Baru | Promo | Murah,,5,2026-09-29 12:43
ajiprayoga2605,TP-Link | TL-WN725N | USB WiFi Adapter | Dongle WiFi | WiFi Receiver | 150Mbps | Wireless N | Nano USB Adapter | Adapter WiFi Laptop PC | Original | Garansi Resmi | Ready Stock | Baru | Promo | Murah,,5,2026-09-29 12:36
puspaningda7,"TP-link MERCUSYS MW150US N150 Wireless Nano USB Adapter 150Mbps Wireless Nano USB Adapter MW150 US N150 Wireless Nano USB Adapter, Nano Size, USB 2.0",,5,2026-09-29 12:34
arisombol,TP-Link | TL-WA854RE | WiFi Extender | WiFi Repeater | Penguat Sinyal | Penangkap Sinyal | Penguat Jaringan | Penguat Wifi Jarak Jauh Tanpa Kabel | WiFi Booster | Signal Booster | WPS | Pemancar Wifi | WPS,,5,2026-09-29 12:26
aniraalmi,TP-Link | TL-WA854RE | WiFi Extender | WiFi Repeater | Penguat Sinyal | Penangkap Sinyal | Penguat Jaringan | Penguat Wifi Jarak Jauh Tanpa Kabel | WiFi Booster | Signal Booster | WPS | Pemancar Wifi | WPS,,5,2026-09-29 12:18
a*****i,TP-Link | TL-WA855RE | WiFi Extender | WiFi Repeater | Penguat Sinyal | Penangkap Sinyal | Penguat Jaringan | Penguat Wifi Jarak Jauh Tanpa Kabel | WiFi Booster | Signal Booster | WPS | Pemancar Wifi | WPS,"jangkauan WiFi:menjadi lebih luas
kekuatan sinyal:lebih kuat daripada repeater lain
kemudahan pemasangan:simple plug and play",5,2026-09-29 12:15
stenlychristim,TP-Link Archer T3U Nano | AC1300 WiFi Adapter | Wireless Dual Band | Dongle | USB Adapter | WPA3,,5,2026-09-29 12:10
f*****4,TP-Link | Mercusys MW302R | Router WiFi | 300Mbps | Wireless Router | Router Rumah | Internet Cepat | Multi Mode | Repeater | Extender | WISP | IPTV | Original | Garansi Resmi | Ready Stock | Baru | Promo | Murah,Berfungsi dengan baik,5,2026-09-29 12:08
myzoyy,TP-Link | UE300 | USB Lan Adapter | USB 3.0 To Gigabit Ethernet | 1000Mbps RJ45 | Plug And Play | Compatible Windows macOS Linux Nintendo Switch | Setup Mudah | Portable Ringan | Original | Garansi Resmi | Ready Stock | Baru | Promo | Murah,,5,2026-09-29 12:04
ricoalfi_,TP-Link | Tapo C220 | Kamera CCTV WiFi Indoor | 2K 4MP | CCTV Indoor | Pan Tilt | Kamera 360 | CCTV WiFi Jarak Jauh Lewat HP | IP Camera | Video SD | Original | Garansi Resmi | Ready Stock | Baru | Promo | Murah,,5,2026-09-29 12:04
msandyy17,TP-Link | TL-WR840N | WiFi Router | Wireless | Kabel | WiFi Rumah | Penguat Singal WiFi | Internet Stabil | Access Point | IPTV | Wifi Rumahan Unlimited Siap Pakai | Router Wifi Penguat Jarak Jauh | Tether | LAN,,5,2026-09-29 12:00
dadanramdani_010116,TP-Link | UE200 | USB Lan Adapter | USB 2.0 To Fast Ethernet | 100Mbps RJ45 | Plug And Play | Compatible Windows macOS Linux Nintendo Switch | Setup Mudah | Portable Ringan | Original | Garansi Resmi | Ready Stock | Baru | Promo | Murah,,5,2026-09-29 11:54
dadanramdani_010116,TP-Link | TL-SG1016D | Switch Gigabit | 16 Port | Gigabit Ethernet Switch | Unmanaged Switch | LAN | Kabel LAN | Desktop Rackmount | Plug and Play | Original | Garansi Resmi | Ready Stock | Baru | Promo | Murah,,5,2026-09-29 11:54
debby.chandra,TP-Link | Archer T3U Plus | USB Wifi Adapter | Dongle Wifi | Usb Wifi | AC1300 Dual Band | High Gain Antena | Wifi Adapter | Wifi Receiver | Wireless Adapter PC Laptop | Original | Garansi Resmi | Ready Stock | Baru,,5,2026-09-29 11:53
jhony2006,TP-Link | Tapo C200C | Kamera CCTV WiFi Indoor | Full HD 1080P 2MP | Pan Tilt 360 Derajat | 9x Digital Zoom | Night Vision | Two Way Audio | Motion Detection | Kamera CCTV Mini Sambung ke HP | CCTV Wireless Lewat HP | Kamera Pengawas Rumah | Tapo CCTV,,5,2026-09-29 11:45
h*****t,TP-Link | MC220L | Media Converter | Gigabit Ethernet Media Converter | Converter Fiber Optik | Konverter Fiber Ke Lan | Single Mode Multi Mode | LC Connector | Original | Garansi Resmi | Ready Stock | Baru | Promo | Murah,,5,2026-09-29 11:42
iyo.suryo,TP-Link | RE305 | WiFi Extender | AC1200 | WiFi Repeater | Penguat Sinyal WiFi | Dual Band | Mesh | Range Extender | Internet Cepat | WiFi Rumah | Original | Garansi Resmi | Ready Stock | Baru | Promo | Murah,,5,2026-09-29 11:30
zt5qdi9wwo,TP-Link TL-SF1016D | 16-Port Desktop Switch | 10/100mbps RJ45 Port | Unmanaged Switch | Plug & Play,kinerja:barang sudah terpasang kabel sudah nyambung,5,2026-09-29 11:23
cerminmozaikbali,TP-Link | TL-MR100 TL-MR101 TL-MR105  TL-MR6400 | 4G LTE WiFi Router | Wireless N300 Router | SIM Card Router | 4G Router | WiFi Rumah | WiFi Modem | 300Mbps | 4G LTE Cat4 | Plug & Play | Original | Resmi | Garansi Resmi | Ready Stock | TP Link,,5,2026-09-29 11:17
